prompt_id,target_object,conditioned_object,prompt,conditioned_image_path,gamma,conditioned_prompt
1,dog,elephant,"A golden retriever playing with a rolling soccer ball in a grassy park",assets/conditioned/elephant.jpg,2.0,"the conditioned object is a elephant"
2,horsejump-high,bear,"A horse and rider jumping over a parked car in an open field",assets/conditioned/bear.jpg,2.0,"the conditioned object is a bear"
3,elephant,flamingo,"An elephant walking alongside a white boat near a riverbank",assets/conditioned/flamingo.jpg,2.0,"the conditioned object is a flamingo"
4,flamingo,camel,"A flamingo standing near a toy train track in a garden setting",assets/conditioned/camel.jpg,2.0,"the conditioned object is a camel"
5,camel,rhino,"A camel walking alongside a motorbike in a desert landscape",assets/conditioned/rhino.jpg,2.0,"the conditioned object is a rhino"
6,bear,blackswan,"A brown bear exploring near a bus stop in a forest setting",assets/conditioned/blackswan.jpg,2.0,"the conditioned object is a black swan"
7,blackswan,goat,"A black swan swimming in a lake while a drift car performs on a nearby track",assets/conditioned/goat.jpg,2.0,"the conditioned object is a goat"
8,goat,cows,"A goat walking on rocks while a person rides a scooter nearby",assets/conditioned/cows.jpg,2.0,"the conditioned object is a cow"
9,rhino,dog-agility,"A rhino in a field while a paraglider flies overhead",assets/conditioned/dog-agility.jpg,2.0,"the conditioned object is a dog"
10,cows,dog,"Cows grazing in a field while a tennis match plays nearby",assets/conditioned/dog.jpg,2.0,"the conditioned object is a cow"
11,dog-agility,horsejump-high,"A dog doing agility training while a surfer rides waves in the background",assets/conditioned/horsejump-high.jpg,2.0,"the conditioned object is a dog"
12,elephant,bear,"An elephant watching a hockey game from behind a fence",assets/conditioned/bear.jpg,2.0,"the conditioned object is a bear"
13,flamingo,rhino,"A flamingo standing in shallow water while a BMX rider performs tricks nearby",assets/conditioned/rhino.jpg,2.0,"the conditioned object is a rhino"
14,camel,blackswan,"A camel walking through a park while someone rollerblades on a path",assets/conditioned/blackswan.jpg,2.0,"the conditioned object is a camel"
15,bear,goat,"A bear exploring a park while a woman pushes a stroller",assets/conditioned/goat.jpg,2.0,"the conditioned object is a goat"
16,blackswan,cows,"A black swan swimming in a pond while a soapbox car race happens nearby",assets/conditioned/cows.jpg,2.0,"the conditioned object is a cow"
17,goat,elephant,"A goat grazing near a playground where someone is swinging",assets/conditioned/elephant.jpg,2.0,"the conditioned object is a goat"
18,rhino,flamingo,"A rhino in a coastal area while someone kite-surfs offshore",assets/conditioned/flamingo.jpg,2.0,"the conditioned object is a flamingo"
19,cows,camel,"Cows in a field while a parkour athlete jumps across obstacles",assets/conditioned/camel.jpg,2.0,"the conditioned object is a cow"
20,dog,rhino,"A dog running alongside a toy train on a track",assets/conditioned/rhino.jpg,2.0,"the conditioned object is a dog"